Execution Time,Time to Train, Test Accuracy Score, Test Loss Score, Train Accuracy Score, Train Loss Score
1634336007.86483,16.017696142196655,0.6751381215469613,0.6847345132743363,0.8628698695862596
