Execution Time,Time to Train, Test Accuracy Score, Test Loss Score, Train Accuracy Score, Train Loss Score
1634335991.3914828,18.809306144714355,0.5955801104972376,0.6078539823008849,1.2040370767982131
