Execution Time,Time to Train, Test Accuracy Score, Test Loss Score, Train Accuracy Score, Train Loss Score
1634336179.343283,171.32675313949585,0.7259668508287292,0.7397676991150443,0.7138714637266604
