Execution Time,Time to Train, Test Accuracy Score, Test Loss Score, Train Accuracy Score, Train Loss Score
1634336766.8996649,587.3753008842468,0.8795580110497238,0.8860619469026548,1.3570561576341882
