Execution Time,Time to Train, Test Accuracy Score, Test Loss Score, Train Accuracy Score, Train Loss Score
1634335972.4555871,58.007007122039795,0.02564102564102564,0.0,0.689408892447543
