Execution Time,Time to Train, Test Accuracy Score, Test Loss Score, Train Accuracy Score, Train Loss Score
1634335847.820341,0.20243620872497559,0.08547008547008547,0.07510729613733906,0.9586585825035855
