Execution Time,Time to Train, Test Accuracy Score, Test Loss Score, Train Accuracy Score, Train Loss Score
1634335854.534682,6.423352003097534,0.05982905982905983,0.03648068669527897,0.5536963071782479
