Execution Time,Time to Train, Test Accuracy Score, Test Loss Score, Train Accuracy Score, Train Loss Score
1634335914.3358889,59.67732381820679,0.042735042735042736,0.06223175965665236,0.5252140328365112
